{
    "careProbability": 0.88,
    "primaryCare": {
        "probability": 0.81,
        "cost": 138
    },
    "urgentCare": {
        "probability": 0.26,
        "cost": 102.96
    },
    "ER": {
        "probability": 0.25,
        "cost": 573
    },
    "income": {
        "mean": 89000,
        "shape": 1.624,
        "scale": 52232.414
    },
    "household": {
        "size": [0,1,2,3,4,5,6,7,8,9,10,11,12,13,14,15,16,17,18],
        "proportion": [0.00000000e+00, 0.00000000e+00, 4.64597225e-01,                        2.18464659e-01, 1.83863853e-01, 8.43420695e-02,                        3.09118324e-02, 1.03410649e-02, 4.45008288e-03,                        1.39242849e-03, 8.48035418e-04, 4.09396409e-04,
                       2.50364731e-04, 4.44647763e-05, 4.24618584e-05, 1.04151728e-05, 2.72396828e-05, 0.00000000e+00, 4.40641927e-06]
    }
}